{"cameraMode":{"drawMode":0,"name":"Shaded","section":"Shading Mode"},"sceneLighting":true,"audioPlay":false,"sceneViewState":{"showFog":true,"showMaterialUpdate":true,"showSkybox":true,"showFlares":true,"showImageEffects":false,"showParticleSystems":true},"in2DMode":false,"pivot":{"x":3.553215980529785,"y":1.8533364534378052,"z":-6.350693702697754},"rotation":{"x":-0.0881940945982933,"y":0.5139629244804382,"z":0.0532241128385067,"w":0.8516286015510559},"size":7.068030834197998,"orthographic":false}