{"cameraMode":{"drawMode":0,"name":"Shaded","section":"Shading Mode"},"sceneLighting":true,"audioPlay":false,"sceneViewState":{"showFog":true,"showMaterialUpdate":true,"showSkybox":true,"showFlares":true,"showImageEffects":false,"showParticleSystems":true},"in2DMode":false,"pivot":{"x":72.9289779663086,"y":1.3249531984329224,"z":-19.93157386779785},"rotation":{"x":-0.013342819176614285,"y":0.7189763784408569,"z":0.01379220187664032,"w":0.6948055028915405},"size":17.147302627563478,"orthographic":false}